DATE,Actual,Seasonal Naive,SARIMA,Prophet,XGBoost,Random Forest
2020-09-20,1.06462,1.33771,1.0116881601293457,1.708225454867541,0.99155855,1.0215730360000022
2020-09-27,1.09211,1.49064,1.1673436211535166,1.93934670813291,1.0422288,1.1063550440000007
2020-10-04,1.21201,1.59269,1.2289895239790234,2.208712814454614,1.122757,1.154665602
2020-10-11,1.11151,1.72517,1.3272812348546212,2.375094123226037,1.2439318,1.2731888000000013
2020-10-18,1.18662,1.83428,1.476912925286629,2.4165617866814166,1.1851298,1.184840097999999
2020-10-25,1.25262,2.04049,1.6649292688076978,2.4490348238671724,1.2772427,1.3416552959999997
2020-11-01,1.44427,2.39351,1.8441193602427486,2.5709769870329198,1.3092993,1.368737719999999
2020-11-08,1.48969,2.63245,2.0271603595349026,2.7320476463188452,1.585363,1.5491491799999988
2020-11-15,1.56064,2.91944,2.301437429773479,2.8070521376641016,1.7526101,1.6598298399999971
2020-11-22,1.61944,3.41066,2.4138113030721247,2.7961016835848507,1.5531707,1.7036371199999976
2020-11-29,1.57347,3.2622,2.510328306714741,2.887664224179843,1.6929394,1.8197736999999932
2020-12-06,1.51939,3.94308,3.0694864576629115,3.2644913951867918,1.6637571,1.619210699999993
2020-12-13,1.50599,5.06529,3.9374597854106717,3.854287268066713,1.8175089,1.7170828199999932
2020-12-20,1.55485,7.06161,5.04762124890396,4.33409668084604,1.8537719,1.7209253799999935
2020-12-27,1.58903,5.91974,4.461278487602453,4.430143900540243,1.8690554,1.7292677199999933
2021-01-03,1.47519,4.94176,4.06106524963046,4.205509752104872,1.6229283,1.72425274
2021-01-10,1.28752,5.33174,4.419362487228093,4.011653109333628,1.5529388,1.6109400999999997
2021-01-17,1.25172,6.08106,4.963585972328918,4.137282476470367,1.622036,1.3553659759999994
2021-01-24,1.10177,6.74724,5.466868749124824,4.521529113181566,1.3074474,1.2135815639999998
2021-01-31,1.16565,6.7998,5.706992167370011,4.8285899782827055,1.1724161,1.0700537280000004
2021-02-07,1.00609,6.11292,5.385962785973401,4.7886239875395535,1.1788392,1.0808102579999974
2021-02-14,0.986101,5.55671,4.8657940409789004,4.437671159170868,1.0852985,1.005746614
2021-02-21,0.864388,5.12279,4.31170515215863,4.0283237010531145,0.9740981,1.0011916720000007
2021-02-28,0.828056,5.26652,4.215120820406429,3.750052682136194,0.8965777,0.8201969979999979
2021-03-07,0.882103,5.67081,4.158188943064562,3.5738236454847847,0.8544076,0.7783811880000004
2021-03-14,0.908033,6.38029,4.103023949179991,3.353155695408111,0.90603554,0.7722302480000015
2021-03-21,0.947577,4.91692,3.393482891704281,3.020667673868132,0.88634914,0.8520238120000048
2021-03-28,0.975225,3.78625,2.7999515646543713,2.6518267173115317,0.86863816,0.8750893900000054
2021-04-04,1.06101,2.80122,2.2631893551673437,2.3607647258651214,0.88121945,0.975743184000001
2021-04-11,1.08091,2.12879,1.9099922847561337,2.1832984289948962,0.96832466,1.0444714059999987
2021-04-18,1.10326,1.73315,1.6484260112361173,2.076052706011996,1.0149498,1.076005031999999
2021-04-25,1.13361,1.40932,1.4802887630823576,1.9941105829596606,1.0827835,1.1244006599999963
2021-05-02,1.14992,1.18336,1.3265188781691286,1.9299264636433575,1.105034,1.1159583159999962
2021-05-09,1.19092,1.11451,1.2833948830758253,1.881089901164005,1.1221999,1.099370581999996
2021-05-16,1.24677,1.00534,1.217383651102458,1.8209027164521372,1.1464658,1.1508816099999992
2021-05-23,1.14504,0.88827,1.1443058717264867,1.7269616363666356,1.2113513,1.2024786779999994
2021-05-30,1.18454,0.814062,1.0203578021301856,1.6226839352023874,1.1595197,1.078985582000001
2021-06-06,1.12943,0.836751,0.956524240647856,1.5591373658125136,1.0810317,1.1236991299999985
2021-06-13,1.18866,0.928456,0.9362083061748948,1.5508032660546265,0.9883306,1.0429551139999986
2021-06-20,1.21202,1.14217,0.9755726095386884,1.5527206497871215,1.0879397,1.1335449019999995
2021-06-27,1.21342,1.27401,0.9641843512226016,1.5165045589961708,1.1122202,1.173411026
2021-07-04,1.26676,1.34951,0.9456861643925834,1.4533059804429898,1.1197414,1.1873113439999998
2021-07-11,1.38728,1.34471,0.9119991322540066,1.4168498213615728,1.1497115,1.207884443999999
2021-07-18,1.6475,1.22153,0.8615631236385111,1.427168943231307,1.3149443,1.3725428000000017
2021-07-25,1.80199,1.15258,0.8355446601539406,1.4409892229585302,1.7214302,1.669540060000003
2021-08-01,1.94952,1.0626,0.8289783868609089,1.4152088922909793,1.7823805,1.801885939999999
2021-08-08,2.03548,0.979884,0.8020903158352459,1.3791223881109735,1.905223,1.887783399999993
2021-08-15,2.1918,0.969202,0.8815126491508937,1.4089401787533664,2.1700313,1.9516947199999957
2021-08-22,2.23897,1.00022,0.9701658326558023,1.5265182870343834,2.345251,2.2704108000000014
2021-08-29,2.26643,0.920817,1.051951462597466,1.6568042017237667,2.409914,2.3290929000000005
2021-09-05,2.21298,1.0355,1.1340084409621491,1.7148145549218183,2.3923461,2.312581
2021-09-12,2.045,0.974333,1.1328308813294583,1.7215548719065614,2.2206862,2.28559404
2021-09-19,1.90124,1.06462,1.196100573183336,1.7939131049887191,2.077573,2.000939499999999
2021-09-26,1.8442,1.09211,1.3401493851568556,2.004097350879767,1.846954,1.8139318199999954
2021-10-03,2.04946,1.21201,1.4001156571408422,2.2781361628647683,1.8651563,1.7560385199999973
2021-10-10,1.95317,1.11151,1.496389556940221,2.469440757981748,2.0750432,2.0114962199999984
2021-10-17,1.92693,1.18662,1.6294638550257998,2.5273042378365314,1.8410356,1.8423413399999973
2021-10-24,1.97792,1.25262,1.8137938765447177,2.551092502855391,1.880502,1.8290253599999975
2021-10-31,2.14051,1.44427,2.022065539351498,2.656089459793393,2.05958,1.967687579999995
2021-11-07,2.26691,1.48969,2.2105239735015187,2.819752160871713,2.2406025,2.1370680799999984
2021-11-14,2.41002,1.56064,2.4818950671856737,2.9160392370340684,2.4590187,2.352419259999996
2021-11-21,2.51362,1.61944,2.6673219456539314,2.9107974047173597,2.6882644,2.572563339999998
2021-11-28,2.56387,1.57347,2.7088303436664285,2.9665931940100165,2.8538284,2.613606119999997
2021-12-05,2.74219,1.51939,3.288961957333072,3.288424825780661,3.1407638,3.1079731199999943
2021-12-12,3.1546,1.50599,4.205599078151719,3.859405890398818,3.4195244,3.4053381599999843
2021-12-19,4.007,1.55485,5.494976525830421,4.385326846307503,4.097173,3.7713328999999987
2021-12-26,4.89397,1.58903,4.791120820291902,4.55674366188094,5.0870857,4.828372019999997
2022-01-02,4.29914,1.47519,4.269099875844046,4.3682729241768925,4.756452,5.074273640000002
2022-01-09,3.50099,1.28752,4.631421377695094,4.140640252094254,4.1828675,4.269624739999997
2022-01-16,2.77457,1.25172,5.215635335968048,4.202235038817041,3.3949218,3.3156869600000096
2022-01-23,2.05464,1.10177,5.750427454642677,4.56083148424301,2.5675652,2.4452134400000007
2022-01-30,1.66744,1.16565,5.950044490992562,4.908119299868902,2.098453,1.9418991800000034
2022-02-06,1.43558,1.00609,5.55194955305629,4.937074032513131,1.5330547,1.6050586400000006
2022-02-13,1.48076,0.986101,5.022828266225238,4.625930903269765,1.368912,1.373130034
2022-02-20,1.46137,0.864388,4.492116342004745,4.2077951716111945,1.437495,1.3951695840000014
2022-02-27,1.57063,0.828056,4.443794126509301,3.9019498352721165,1.353878,1.4175022239999988
2022-03-06,1.69692,0.882103,4.48075836467907,3.717619556096433,1.6411291,1.459166870000002
2022-03-13,1.83274,0.908033,4.582113956475591,3.514122376104144,1.6811644,1.6604337860000007
2022-03-20,1.88031,0.947577,3.71632246856775,3.1994891424599694,1.6729773,1.762973599999998
2022-03-27,1.99637,0.975225,3.0112754724319193,2.8279013346255204,1.687953,1.7210750199999991
2022-04-03,2.10974,1.06101,2.3813880646891374,2.5172819572546503,1.7841134,1.7781118999999967
2022-04-10,2.18573,1.08091,1.961724208488748,2.3213285920711404,1.8673005,1.9403313799999982
2022-04-17,2.21825,1.10326,1.6719066969137077,2.2057862432299267,1.9617205,2.049943539999999
2022-04-24,2.31926,1.13361,1.4711228343319134,2.1208174758460796,2.075148,2.0790502999999996
2022-05-01,2.38743,1.14992,1.3019647656701987,2.0531260722176126,2.0852993,2.11878796
2022-05-08,2.5726,1.19092,1.2530745267761265,2.002852062213359,2.11077,2.153461019999998
2022-05-15,2.46368,1.24677,1.1777490552406835,1.9471738261533111,2.7230103,2.716778099999997
2022-05-22,2.39323,1.14504,1.0952250456367985,1.8590751068264155,2.4445858,2.2762496600000004
2022-05-29,2.42307,1.18454,0.9811794281184938,1.7529088710859113,2.4324095,2.2692979799999997
2022-06-05,2.15926,1.12943,0.934859619169199,1.6791972207324222,2.4755287,2.3290509800000003
2022-06-12,1.98659,1.18866,0.9373406756897046,1.6629501681841663,2.2016006,2.16457642
2022-06-19,1.87626,1.21202,1.0123709952746986,1.6675810489146154,1.974919,1.8278687599999932
2022-06-26,1.80173,1.21342,1.03026068955554,1.6394221438916452,1.7232093,1.7268446999999927
2022-07-03,1.81325,1.26676,1.0309189890714057,1.5774135327363226,1.6843992,1.7301913199999954
2022-07-10,1.67273,1.38728,1.0029927559649623,1.5327992714967873,1.7201229,1.7160598999999974
2022-07-17,1.65436,1.6475,0.9373953975842362,1.5365014337032188,1.6329333,1.668001639999998
2022-07-24,1.66503,1.80199,0.9023744797162456,1.554128648030722,1.5871764,1.6418723599999991
2022-07-31,1.52846,1.94952,0.8784795348618835,1.5357337080150657,1.5928875,1.6658469999999987
2022-08-07,1.51766,2.03548,0.8399599769574544,1.4960486154797852,1.542764,1.4998037800000001
2022-08-14,1.59458,2.1918,0.9007006000218128,1.5096493379708575,1.6742967,1.5140723600000003
2022-08-21,1.82581,2.23897,0.9773730261110585,1.614736188546945,1.8500402,1.6479738800000001
2022-08-28,1.9377,2.26643,1.0258515909690051,1.75053892186639,2.0329912,1.824762379999999
2022-09-04,2.00147,2.21298,1.1145442680387239,1.8238443919316583,2.0019853,1.884196339999998
2022-09-11,2.03389,2.045,1.1009279868892738,1.832510001080415,2.1488144,1.9775071799999953
2022-09-18,2.27821,1.90124,1.1587871739332394,1.8844465501254053,2.008708,1.9686683199999984
2022-09-25,2.35649,1.8442,1.3051630748217817,2.071112645818826,2.258357,2.2700229599999995
2022-10-02,2.61257,2.04946,1.365417126386214,2.3446264353430943,2.602947,2.4410358000000008
2022-10-09,3.00763,1.95317,1.4620539765693537,2.559064879514949,3.0580773,2.9206848999999897
2022-10-16,3.31975,1.92693,1.5984919487520102,2.6369094077987576,3.1662843,3.280842299999992
2022-10-23,4.3682,1.97792,1.78353818247597,2.6561746586065267,3.3086717,3.478490819999989
2022-10-30,5.42144,2.14051,1.9857786105933513,2.7434097724604145,5.180065,5.026927060000001
2022-11-06,5.73522,2.26691,2.173085288248365,2.9050356522429865,6.645465,6.394774420000002
2022-11-13,5.91793,2.41002,2.4450229376341928,3.0211724423880786,6.9148846,6.479118640000005
2022-11-20,7.42531,2.51362,2.615368743376672,3.027280636038805,6.8574057,6.4023538800000015
2022-11-27,7.21822,2.56387,2.668184753150504,3.0546615087178735,7.3671737,7.232129120000001
2022-12-04,6.87034,2.74219,3.243971048789966,3.321150093283305,7.3261495,7.013204580000007
2022-12-11,6.29772,3.1546,4.150559763388739,3.8631531125987975,6.497732,6.6355335800000015
2022-12-18,6.00293,4.007,5.402991747803613,4.424348098469261,4.499506,5.512613600000003
2022-12-25,5.33838,4.89397,4.723330741493656,4.6708869492513765,4.5646763,5.647045559999992
2023-01-01,3.93482,4.29914,4.2263910683216706,4.529763448068503,4.1940002,4.777599379999998
2023-01-08,2.94564,3.50099,4.5878688187534085,4.279813148776169,3.420337,3.551032199999996
2023-01-15,2.63811,2.77457,5.163829887764193,4.2776000836599595,2.3845282,2.473408980000002
2023-01-22,2.62522,2.05464,5.692117822483794,4.599753702723492,2.229454,2.3573889799999996
2023-01-29,2.58477,1.66744,5.900069991307395,4.9766322342372185,2.449204,2.43013032
2023-02-05,2.59148,1.43558,5.517843894635756,5.073926671925779,2.5097117,2.4003874399999994
2023-02-12,2.5701,1.48076,4.990558303301301,4.810848462084805,2.4548793,2.377041599999999
2023-02-19,2.52707,1.46137,4.4550217100322,4.391495860564531,2.3795457,2.3500032999999996
2023-02-26,2.4046,1.57063,4.396748223998403,4.058162388414481,2.2100544,2.296232999999993
2023-03-05,2.3571,1.69692,4.414359406161373,3.860632744651435,2.1215076,2.171438199999993
2023-03-12,2.3545,1.83274,4.483459358779201,3.6710932815393984,2.1744382,2.176115359999997
2023-03-19,2.31096,1.88031,3.649856436070766,3.3763145711156857,2.051776,2.102175299999993
2023-03-26,2.25771,1.99637,2.9677813229223915,3.0061323089944625,1.9548126,2.0804893999999967
2023-04-02,2.12953,2.10974,2.3570770707166626,2.6777219529595877,1.9572678,2.0653759999999988
2023-04-09,2.01047,2.18573,1.951104064373094,2.4619511639847773,1.7531546,1.8750029999999986
2023-04-16,1.90776,2.21825,1.6671038142404517,2.3363665661663378,1.7765617,1.8001559599999972
2023-04-23,1.90393,2.31926,1.473043184605935,2.2480360158746366,1.7062494,1.7202334999999942
2023-04-30,1.93608,2.38743,1.307052716809802,2.1769662230686326,1.732781,1.7439043599999937
2023-05-07,1.90846,2.5726,1.2593478472279285,2.1244654442292132,1.7887113,1.7559960999999953
2023-05-14,1.88236,2.46368,1.1859390330576365,2.0722820990604225,1.7538488,1.7675360399999942
2023-05-21,1.83328,2.39323,1.1053591078236775,1.990493652413795,1.7323254,1.7497429999999954
2023-05-28,1.83857,2.42307,0.9892711633157654,1.8842449320601264,1.7529676,1.7333914199999967
2023-06-04,1.57748,2.15926,0.9393409776801489,1.8012834300461178,1.7790626,1.7390269599999977
2023-06-11,1.48614,1.98659,0.9371232660494475,1.775818330834766,1.4890046,1.4784064800000003
2023-06-18,1.36472,1.87626,1.0048034270239727,1.7812300443908775,1.4556708,1.4306309200000014
2023-06-25,1.27095,1.80173,1.0166593066186205,1.7610936887416697,1.3074874,1.3395127200000005
2023-07-02,1.22553,1.81325,1.0133693559330994,1.702139668286826,1.1466751,1.2043874200000004
2023-07-09,1.15793,1.67273,0.9842550487134464,1.6504991746604174,1.1754185,1.1895550200000018
2023-07-16,1.12685,1.65436,0.9217805407426838,1.646332233314442,1.1086669,1.1027701119999966
2023-07-23,1.16805,1.66503,0.8886135835949601,1.6659163514507938,1.0609417,1.063238075999997
2023-07-30,1.20299,1.52846,0.8682882273104418,1.6553850287254708,1.087015,1.1002894759999986
2023-08-06,1.27357,1.51766,0.8321644825404388,1.6147808732669924,1.1693918,1.1713082479999999
2023-08-13,1.44821,1.59458,0.8967536241468052,1.6135862425958314,1.3200198,1.2933831200000003
2023-08-20,1.70391,1.82581,0.9758939619911947,1.704043021007613,1.7751231,1.5338649199999983
2023-08-27,1.93305,1.9377,1.0312345894401032,1.8420025691692645,2.0148144,1.7833294400000046
2023-09-03,2.00204,2.00147,1.1185595362018614,1.9304668276940613,2.0918727,1.8994630399999977
2023-09-10,1.94047,2.03389,1.1075056841272173,1.9448873924286627,2.2043722,1.9676817199999963
2023-09-17,2.03761,2.27821,1.166479242789661,1.9797045329346885,1.9496439,1.869442119999996
2023-09-24,2.08992,2.35649,1.312375293062307,2.141204001314799,2.0309424,2.0217265199999983
2023-10-01,2.27908,2.61257,1.3725697105903247,2.409023899268812,2.1078272,2.036854799999998
2023-10-08,2.33755,3.00763,1.469131470471685,2.6438496857931124,2.2313843,2.2825558800000003
2023-10-15,2.52242,3.31975,1.6048761093436377,2.7444939905455397,2.512957,2.4547817999999997
2023-10-22,2.71275,4.3682,1.7897745215994125,2.7638023157619496,2.799697,2.6673526399999936
2023-10-29,2.94538,5.42144,1.9932574024619534,2.8335091400207286,3.2923195,3.308380679999996
2023-11-05,3.40957,5.73522,2.1808011820327047,2.9887112771211615,3.3677533,3.4950657200000017
2023-11-12,3.6903,5.91793,2.452621910151147,3.1221874791064224,3.6016977,3.7637074599999965
2023-11-19,3.92958,7.42531,2.62607486467541,3.14414963099938,3.7796264,4.005935779999998
2023-11-26,4.03334,7.21822,2.6765608893646347,3.1508841115879136,4.5456657,4.3925074999999945
2023-12-03,4.38382,6.87034,3.2532423590931416,3.363550826539825,4.4058185,4.37680556
2023-12-10,5.18426,6.29772,4.1619013306784085,3.867765504481671,4.580116,5.113098919999994
2023-12-17,6.23157,6.00293,5.421945479419573,4.452563308991861,6.3020024,6.2700132800000095
2023-12-24,6.7962,5.33838,4.737299270461903,4.77161177883195,6.524421,6.537445159999998
2023-12-31,5.71536,3.93482,4.235191734247181,4.687548945219939,5.8094835,6.251131039999996
2024-01-07,4.66576,2.94564,4.5968432470305585,4.4277269755043465,4.798074,5.076479180000019
2024-01-14,4.32446,2.63811,5.174504672271798,4.364342732908225,4.139501,4.4413924
2024-01-21,4.22972,2.62522,5.704132665555826,4.640600223282255,4.005221,4.033843279999994
2024-01-28,4.42065,2.58477,5.910367392517333,5.035457048455452,3.6601074,3.966155579999998
2024-02-04,4.45705,2.59148,5.524871607346202,5.198441073516216,3.759842,3.9865146000000022
2024-02-11,4.35511,2.5701,4.997207735722895,4.990695041825896,3.7059844,4.023611300000008
2024-02-18,4.33545,2.52707,4.46266517494973,4.578539083101402,3.715956,3.9823300200000094
2024-02-25,4.0587,2.4046,4.406442015724925,4.21923402776388,3.6774223,3.959341520000009
2024-03-03,3.72797,2.3571,4.428040681602685,4.003832487503615,3.4958167,3.509023160000009
2024-03-10,3.39722,2.3545,4.5037865821818475,3.824261800626406,3.202864,3.1520060600000144
2024-03-17,3.08528,2.31096,3.663551465011308,3.550480908116267,2.9119678,2.9730445800000065
2024-03-24,2.97703,2.25771,2.9767431744251303,3.1858543491376143,2.7458336,2.77442274
2024-03-31,2.76586,2.12953,2.3620863805177366,2.84204040964297,2.5809093,2.566912000000006
2024-04-07,2.53824,2.01047,1.9532924748478042,2.60552522482803,2.3501918,2.3538673800000023
2024-04-14,2.24747,1.90776,1.6680936093135958,2.468015616775828,2.2948196,2.216048099999999
2024-04-21,2.19144,1.90393,1.4726476990433077,2.3757381240221522,2.0737681,2.038538299999996
2024-04-28,2.09931,1.93608,1.306004558272694,2.301472076663823,2.0394492,2.047210299999998
2024-05-05,2.00488,1.90846,1.2580554382519418,2.2461372484187883,1.8810552,1.8683605399999965
2024-05-12,1.97657,1.88236,1.1842516998399115,2.19633880589524,1.7777637,1.8060687799999966
2024-05-19,1.90707,1.83328,1.1032712006268317,2.120993753799678,1.7226738,1.7796340999999947
2024-05-26,1.87651,1.83857,0.9876040473835547,2.0163615289185883,1.7552401,1.7363144399999955
2024-06-02,1.66065,1.57748,0.9384177365835652,1.9253938997747784,1.7496091,1.7237944399999956
2024-06-09,1.58178,1.48614,0.9371681540128494,1.8897666619816513,1.6801063,1.6256305200000005
2024-06-16,1.49244,1.36472,1.0063627399899127,1.893928795623137,1.4303644,1.4692614200000007
2024-06-23,1.4663,1.27095,1.0194618246443123,1.881338534842629,1.41283,1.415209640000003
2024-06-30,1.37639,1.22553,1.0169853680558372,1.8271171243659066,1.4072943,1.4164927600000017
2024-07-07,1.45548,1.15793,0.9881158462782238,1.7699174604246655,1.3265688,1.3434192600000017
2024-07-14,1.45233,1.12685,0.9249978973352855,1.757020820224552,1.4045762,1.4092221199999997
2024-07-21,1.52211,1.16805,0.8914489430183461,1.7765757832067324,1.4747975,1.4171455800000012
2024-07-28,1.53543,1.20299,0.8703881004576994,1.77385360177448,1.532017,1.5768158400000005
2024-08-04,1.53984,1.27357,0.8337707156828953,1.7348160710958411,1.6018442,1.576586580000001
2024-08-11,1.56577,1.44821,0.8975669008797499,1.720746460537314,1.7492313,1.6306085799999996
2024-08-18,1.76988,1.70391,0.9761987442345187,1.7950371210149072,1.7859861,1.6232279400000003
2024-08-25,1.93414,1.93305,1.0301255024765978,1.9316689340080861,2.0148785,1.8293536400000012
2024-09-01,1.9202,2.00204,1.1177322547634505,2.0343557696109142,2.0290766,1.8965414799999982
2024-09-08,1.95528,1.94047,1.106150434680308,2.057869852411449,2.0331464,1.8993402599999971
2024-09-15,1.95303,2.03761,1.164894384732985,2.0793898302563862,1.9463868,1.914312999999998
2024-09-22,1.93495,2.08992,1.3108893017020868,2.21505635682494,1.9094869,1.9030052799999977
2024-09-29,1.90509,2.27908,1.3710960043051286,2.4722545700208016,1.8819021,1.8519080799999963
2024-10-06,2.02014,2.33755,1.4676732340717087,2.723877549774777,1.9161892,1.8969732599999982
2024-10-13,2.07037,2.52242,1.6035607263805838,2.849237719150059,2.048294,2.0110836399999963
2024-10-20,2.22044,2.71275,1.7884895944427524,2.87334046509284,2.098415,2.140333359999998
2024-10-27,2.31725,2.94538,1.9917164778172347,2.926790040121736,2.2221155,2.290426219999999
2024-11-03,2.4719,3.40957,2.1792114034750547,3.0716557050752646,2.4237156,2.402101339999998
2024-11-10,2.6917,3.6903,2.4510562210706173,3.2190711047706397,2.6354058,2.6304213199999937
2024-11-17,2.88949,3.92958,2.6238689746882513,3.2601250572681852,3.2191644,3.185972559999994
2024-11-24,3.18283,4.03334,2.6748350708433786,3.254060714104742,3.26393,3.3141490000000013
2024-12-01,3.318,4.38382,3.251332097231298,3.416145910940315,3.5327039,3.5165859200000016
2024-12-08,3.78793,5.18426,4.159564510344712,3.8753743830415077,3.7691844,3.7513464600000037
2024-12-15,4.94489,6.23157,5.418040240777079,4.47169016329296,4.330789,4.466623300000003
2024-12-22,6.74349,6.7962,4.734421187153049,4.858388207955803,6.171497,6.094017880000012
2024-12-29,6.25398,5.71536,4.233378441851908,4.839293135027706,5.542884,6.242766539999975
2025-01-05,5.30512,4.66576,4.594994151978343,4.582592994278135,5.102384,5.423786360000013
2025-01-12,5.74558,4.32446,5.172305233741601,4.463005771520661,5.0951543,4.827104240000008
2025-01-19,6.98693,4.22972,5.701657119666758,4.68560352192885,6.2995744,6.1036063400000025
2025-01-26,7.79898,4.42065,5.90824570962951,5.086238933866752,7.3580565,6.958003919999995
2025-02-02,7.84378,4.45705,5.523423613880991,5.310221801700804,6.784447,6.745467919999998
2025-02-09,6.93692,4.35511,4.9958376831894125,5.1637753833211235,6.4940248,6.371547640000018
2025-02-16,5.90072,4.33545,4.461090310733389,4.767791210860102,5.6759677,6.0143465000000145
2025-02-23,4.87406,4.0587,4.4044446999576214,4.385492796095296,4.8863754,5.0115024399999974
2025-03-02,4.26679,3.72797,4.42522178064001,4.14821810225239,4.1114144,4.5853022399999945
2025-03-09,3.81006,3.39722,4.499598343520546,3.9740053214901936,3.7144299,3.8941808600000103
2025-03-16,3.25232,3.08528,3.660729729877051,3.7214284872853023,3.3441784,3.183243300000015
2025-03-23,2.89999,2.97703,2.9748966675452966,3.366335366428968,2.804152,2.8921735200000005
2025-03-30,2.56142,2.76586,2.3610542589718726,3.010075289485321,2.5655887,2.491698200000004
2025-04-06,2.41066,2.53824,1.9528415739692206,2.752380331552552,2.3382585,2.305722700000002
2025-04-13,2.26966,2.24747,1.6678896721785885,2.6010058503262212,2.0737422,2.1115721599999975
2025-04-20,2.16654,2.19144,1.4727291863475316,2.5039232722921225,1.9887452,2.0946644999999973
2025-04-27,1.99958,2.09931,1.3062205228411892,2.4266373913604125,2.0378125,2.0858037799999964
2025-05-04,1.89657,2.00488,1.258321728323134,2.36805377339316,1.8273138,1.7799561999999949
2025-05-11,1.86402,1.97657,1.1845993603974054,2.3194993981447833,1.7031082,1.7434206399999967
2025-05-18,1.8161,1.90707,1.1037013957557988,2.2504094459302797,1.7092382,1.7380826399999987
2025-05-25,1.82615,1.87651,0.9879475422081163,2.1489127938563275,1.7196167,1.718290799999999
2025-06-01,1.6042,1.66065,0.9386079626611746,2.0514477876066994,1.671587,1.7120918199999968
2025-06-08,1.4049,1.58178,0.9371589057937687,2.005114444814708,1.6007446,1.5623438199999988
2025-06-15,1.31999,1.49244,1.0060414581392083,2.005994410189966,1.3487931,1.3371197600000002
2025-06-22,1.17989,1.4663,1.018884391584049,2.000054183460335,1.276781,1.280421856000001
2025-06-29,1.108,1.37639,1.0162403218494591,1.9519712360788586,1.159739,1.1402261520000008
2025-07-06,1.15638,1.45548,0.9873203642066685,1.8909373172476402,1.0817673,1.0583286399999998
2025-07-13,1.05736,1.45233,0.9243349904248341,1.86888473898932,1.0985311,1.1016248059999976
2025-07-20,1.03242,1.52211,0.8908647431401837,1.8863995795084503,1.0242898,1.0279363460000006
2025-07-27,1.05832,1.53543,0.8699554408495417,1.8909230073936116,0.9975144,0.9904994779999987
2025-08-03,1.14965,1.53984,0.8334397661095712,1.8556327032619684,1.0361907,1.0488819360000006
2025-08-10,1.21395,1.56577,0.8973993327829048,1.8310016201986246,1.1653826,1.1831579639999976
2025-08-17,1.45765,1.76988,0.9761359468093829,1.8882450792146552,1.2617916,1.2335669460000007
2025-08-24,1.79113,1.93414,1.030354020000662,2.0201014425972077,1.6327473,1.5520854599999985
2025-08-31,1.80315,1.9202,1.1179027087895754,2.1353386893993385,2.0100484,1.8381814800000003
2025-09-07,1.75434,1.95528,1.106429671726021,2.170659584254533,1.9459558,1.840856380000001
2025-09-14,1.72128,1.95303,1.16522093054293,2.1830460791007957,1.8627098,1.7870331200000036
2025-09-21,1.68219,1.93495,1.3111954769102916,2.293201917585959,1.8538445,1.7483628200000016
2025-09-28,1.61436,1.90509,1.3713996482731554,2.5352913409953572,1.8554329,1.7582906999999999
2025-10-05,1.63874,2.02014,1.467973690599295,2.7994277043799434,1.7878958,1.7208606599999983
2025-10-12,1.70106,2.07037,1.6038317492394847,2.9504223386456605,1.8469584,1.767445839999999
2025-10-19,1.74217,2.22044,1.7887543421495091,2.9840289653579983,1.8661479,1.8346640199999993
2025-10-26,1.82844,2.31725,1.9920339714843218,3.023466418726403,1.9543478,1.88726398
2025-11-02,2.12441,2.4719,2.179538963042211,3.15476006889448,2.0910752,2.0088919599999993
2025-11-09,2.26611,2.6917,2.451378817212423,3.3120467421926616,2.2069712,2.216304439999998
2025-11-16,2.52897,2.88949,2.6243234784334217,3.374097201755626,2.2900114,2.3174437400000008
2025-11-23,2.9686,3.18283,2.6751906601978166,3.3628344047784284,2.8033342,2.6941304799999966
2025-11-30,3.29062,3.318,3.251725689463888,3.47908671698178,3.3717976,3.3587517199999986
2025-12-07,4.12648,3.78793,4.160045991089878,3.887934806430141,3.793565,3.622932119999997
2025-12-14,6.00828,4.94489,5.418844879931747,4.48369629845577,5.2114925,5.129189060000002
2025-12-21,8.28004,6.74349,4.735014190233607,4.931133472897657,6.4389777,6.575475940000005
2025-12-28,7.16816,6.25398,4.233752054387682,4.982838433648975,5.7540884,6.418073779999988
2026-01-04,5.29471,5.30512,4.595375141325023,4.742341058445299,5.6346903,6.330771580000006
2026-01-11,4.38278,5.74558,5.172758408192057,4.573686727810684,3.477289,4.362866920000008
2026-01-18,4.73024,6.98693,5.702167183540019,4.73684400478333,3.7331028,4.2080421799999925
2026-01-25,4.42671,7.79898,5.908682863228285,5.130889581508043,4.37943,4.958271279999992
2026-02-01,4.61317,7.84378,5.523721959862722,5.409245822546472,4.0232496,4.262445639999998
2026-02-08,4.57277,6.93692,4.99611997014502,5.328493467984815,3.903476,4.461587139999998
2026-02-15,4.42222,5.90072,4.461414797283074,4.957902462217019,4.0878816,4.3232855000000034
2026-02-22,3.87483,4.87406,4.4048562288288045,4.5570221291374375,3.9614398,4.170525260000007
2026-03-01,3.70659,4.26679,4.4258025897119255,4.294773201148606,3.2725983,3.370402520000004
2026-03-08,3.27398,3.81006,4.500461292244707,4.120875022057296,3.1721234,3.238977600000009
2026-03-15,2.9007,3.25232,3.661311122902142,3.8887288994933256,2.966375,2.9182487200000042
2026-03-22,2.65772,2.89999,2.9752771236040534,3.5468025526157145,2.5960708,2.5580815600000073
2026-03-29,2.37429,2.56142,2.3612669182940604,3.181543094773213,2.4586146,2.382759280000001
2026-04-05,2.09634,2.41066,1.9529344780265903,2.902796475322757,2.1082036,2.088802359999997
2026-04-12,1.88475,2.26966,1.6679316915885252,2.7356529581908258,1.7997297,1.8329571399999989
2026-04-19,1.82283,2.16654,1.4727123966314641,2.6326288322544373,1.6810564,1.635044600000003
2026-04-26,1.76344,1.99958,1.3061760252999555,2.55243197291322,1.7252142,1.6723407200000011
2026-05-03,1.76597,1.89657,1.2582668616664958,2.490372124958521,1.6977547,1.6990619400000029
2026-05-10,1.74211,1.86402,1.184527728087201,2.4419526129921247,1.6726283,1.6937296600000016
2026-05-17,1.5861,1.8161,1.1036127579428483,2.3786372243507863,1.627736,1.6559547000000059
2026-05-24,1.56831,1.82615,0.9878767682086836,2.281553731838158,1.5234421,1.46189896
2026-05-31,1.39393,1.6042,0.9385687683010782,2.179290560785471,1.4005487,1.4454574800000013
2026-06-07,1.23701,1.4049,0.9371608113088489,2.1221268632810335,1.2880771,1.3214663659999988
2026-06-14,1.11953,1.31999,1.0061076553628767,2.1177847775818974,1.142693,1.1905306600000034
